Case Type Group,Case Type Subgroup,BLM Product,BLM Product Code
Fluid Minerals,Agreements,O&G GEOPHYSICAL EXPLORATION – EXCEPT AK,315100
Fluid Minerals,Agreements,O&G GEOPHYS PERMIT- AK,315200
Fluid Minerals,Agreements,O&G COMPENSATORY ROYALTY AGREEMENT,318110
Fluid Minerals,Agreements,O&G COMPENSATORY ROYALTY AGREEMENT - DRAINAGE,318120
Fluid Minerals,Agreements,O&G RIGHT OF WAY COMPENSATORY ROYALTY AGREEMENT,318130
Fluid Minerals,Agreements,O&G EXPLORATORY UNIT AGREEMENT,318210
Fluid Minerals,Agreements,O&G SECONDARY UNIT AGREEMENT,318220
Fluid Minerals,Agreements,O&G API/STATE UNIT AGREEMENT,318240
Fluid Minerals,Agreements,O&G INDIAN EXPLORATORY UNIT AGREEMENT,318250
Fluid Minerals,Agreements,O&G INDIAN SECONDARY UNIT AGREEMENT,318260
Fluid Minerals,Agreements,O&G SUBORDINATE STATE UNIT AGREEMENT,318290
Fluid Minerals,Agreements,O&G COMMUNITIZATION AGREEMENT,318310
Fluid Minerals,Agreements,O&G INDIAN COMMUNITIZATION AGREEMENT,318320
Fluid Minerals,Agreements,O&G PRIVATE ACQUIRED COMMUNITIZATION AGREEMENT,318330
Fluid Minerals,Agreements,O&G GAS STORAGE AGREEMENT,318410
Fluid Minerals,Agreements,O&G DEVELOPMENT CONTRACT,318510
Fluid Minerals,Agreements,GEOTHERMAL GEOPHYSICAL EXPLORATION,320901
Fluid Minerals,Agreements,GEOTHERMAL COMPENSATORY ROYALTY AGREEMENT,328120
Fluid Minerals,Agreements,GEOTHERMAL UNIT AGREEMENT,328200
Fluid Minerals,Agreements,GEOTHERMAL DEVELOPMENT CONTRACT,328500
Fluid Minerals,Geothermal Leases,GEOTHERMAL UNLEASED LANDS ACCOUNT,320099
Fluid Minerals,Geothermal Leases,GEOTHERMAL PRIVATE ACQUIRED LEASE,320112
Fluid Minerals,Geothermal Leases,BOND - GEOTHERMAL ALL LANDS,320634
Fluid Minerals,Geothermal Leases,GEOTHERMAL NONCOMPETITIVE LEASE PRE 2005,321000
Fluid Minerals,Geothermal Leases,GEOTHERMAL NONCOMPETITIVE LEASE POST 2005,321200
Fluid Minerals,Geothermal Leases,GEOTHERMAL NONCOMPETITIVE CONVERTED LEASE,321300
Fluid Minerals,Geothermal Leases,GEOTHERMAL NONCOMPETITIVE DIRECT USE LEASE,321400
Fluid Minerals,Geothermal Leases,GEOTHERMAL MINING CLAIMANT LEASE,321500
Fluid Minerals,Geothermal Leases,GEOTHERMAL COMPETITIVE LEASE PRE 2005,322000
Fluid Minerals,Geothermal Leases,GEOTHERMAL COMPETITIVE LEASE POST 2005,322200
Fluid Minerals,Geothermal Leases,GEOTHERMAL COMPETITIVE CONVERTED LEASE,322300
Fluid Minerals,Geothermal Leases,GEOTHERMAL UTILIZATION SITE,325060
Fluid Minerals,Oil/Gas Leases,O&G UNLEASED LANDS ACCOUNT,310099
Fluid Minerals,Oil/Gas Leases,O&G PRIVATE ACQUIRED LEASE,310112
Fluid Minerals,Oil/Gas Leases,O&G BOND PUB DOMAIN LAND,310431
Fluid Minerals,Oil/Gas Leases,BOND - O&G ALL LANDS,310434
Fluid Minerals,Oil/Gas Leases,O&G EXCHANGE PUBLIC DOMAIN LEASE,310771
Fluid Minerals,Oil/Gas Leases,O&G RENEWAL PUBLIC DOMAIN LEASE,310781
Fluid Minerals,Oil/Gas Leases,O&G SPECIAL ACT - RIGHT OF WAY LEASE,310911
Fluid Minerals,Oil/Gas Leases,O&G NONCOMPETITIVE PUBLIC DOMAIN LEASE PRE 1987,311111
Fluid Minerals,Oil/Gas Leases,O&G NONCOMPETITIVE ACQUIRED LEASE PRE 1987,311112
Fluid Minerals,Oil/Gas Leases,O&G SPECIAL ACTS - NPS/FS AREAS LEASE,311115
Fluid Minerals,Oil/Gas Leases,O&G SPECIAL ACT - FEDERAL FARM MORTGAGE CORPORATION LEASE,311116
Fluid Minerals,Oil/Gas Leases,O&G NONCOMPETITIVE CLASS III REINSTATEMENT LEASE,311117
Fluid Minerals,Oil/Gas Leases,O&G TEXAS RELINQUISHMENT ACT LEASE,311120
Fluid Minerals,Oil/Gas Leases,O&G NONCOMPETITIVE PUBLIC DOMAIN LEASE POST 1987,311121
Fluid Minerals,Oil/Gas Leases,O&G NONCOMPETITIVE ACQUIRED LEASE POST 1987,311122
Fluid Minerals,Oil/Gas Leases,O&G FUTURE INTEREST NONCOMPETITIVE ACQUIRED LEASE POST 1987,311124
Fluid Minerals,Oil/Gas Leases,O&G FUTURE INTEREST NONCOMPETITIVE ACQUIRED LEASE PRE 1987,311132
Fluid Minerals,Oil/Gas Leases,O&G SIMULTANEOUS PUBLIC DOMAIN LEASE,311211
Fluid Minerals,Oil/Gas Leases,O&G SIMULTANEOUS ACQUIRED LEASE,311212
Fluid Minerals,Oil/Gas Leases,O&G COMPETITIVE PUBLIC DOMAIN LEASE PRE 1987,312011
Fluid Minerals,Oil/Gas Leases,O&G COMPETITIVE ACQUIRED LEASE PRE 1987,312012
Fluid Minerals,Oil/Gas Leases,O&G COMPETITIVE GSA LAND LEASE,312013
Fluid Minerals,Oil/Gas Leases,O&G COMPETITIVE PROTECTIVE LEASE,312014
Fluid Minerals,Oil/Gas Leases,O&G COMPETITIVE PUBLIC DOMAIN LEASE POST 1987,312021
Fluid Minerals,Oil/Gas Leases,O&G COMPETITIVE ACQUIRED LEASE POST 1987,312022
Fluid Minerals,Oil/Gas Leases,O&G FUTURE INTEREST COMPETITIVE ACQUIRED LEASE POST 1987,312024
Fluid Minerals,Oil/Gas Leases,O&G COMPETITIVE PUBLIC DOMAIN LEASE POST 2022,312025
Fluid Minerals,Oil/Gas Leases,O&G COMPETITIVE ACQUIRED LEASE POST 2022,312026
Fluid Minerals,Oil/Gas Leases,O&G NAVAL OIL SHALE RESERVES COMPETITIVE LEASE,312031
Fluid Minerals,Oil/Gas Leases,O&G FUTURE INTEREST COMPETITIVE ACQUIRED LEASE PRE 1987,312082
Fluid Minerals,Oil/Gas Leases,O&G HYDROCARBON LEASE,314011
Fluid Minerals,Oil/Gas Leases,O&G HYDROCARBON APPLICATION,314088
Fluid Minerals,Participating Areas,O&G PARTICIPATING AREA,318230
Fluid Minerals,Participating Areas,O&G INDIAN PARTICIPATING AREA,318270
Fluid Minerals,Participating Areas,O&G SUBORDINATE STATE PARTICIPATING AREA,318291
Fluid Minerals,Participating Areas,GEOTHERMAL PARTICIPATING AREA,328230
Fluid Minerals,Oil/Gas Leases,O&G FUTURE INTEREST NONCOMPETITIVE PUBLIC DOMAIN LEASE PRE 1987,311131
Fluid Minerals,Oil/Gas Leases,O&G FUTURE INTEREST COMPETITIVE PUBLIC DOMAIN LEASE,312081
Fluid Minerals,Agreements,COMMUNITIZATION AGREEMENT,328300
Land Tenure,Acquisitions,TAYLOR GRAZING ACT,210001
Land Tenure,Acquisitions,NATIONAL SOIL CONSERVATION ACT,210002
Land Tenure,Acquisitions,OREGON AND CALIFORNIA ACT,210003
Land Tenure,Acquisitions,TIMBER ACCESS ROAD,210006
Land Tenure,Acquisitions,PUBLIC LAND ADMINISTRATION ACT,210007
Land Tenure,Acquisitions,FEDERAL AID HIGHWAY ACT,210008
Land Tenure,Acquisitions,WILD & SCENIC RIVERS,210009
Land Tenure,Acquisitions,WILD & SCENIC MISSOURI RIVERS,210010
Land Tenure,Acquisitions,NATIONAL TRAILS SYSTEM,210011
Land Tenure,Acquisitions,KING RANGE CONSERVATION AREA,210012
Land Tenure,Acquisitions,FEDERAL LAND POLICY MANAGEMENT ACT,210013
Land Tenure,Acquisitions,NATIONAL PARKS MONUMENT & MEMORIAL,210014
Land Tenure,Acquisitions,YAQUINA HEAD NATIONAL AREA,210015
Land Tenure,Acquisitions,RESOURCE MANAGEMENT INTEREST BLM,210016
Land Tenure,Acquisitions,RIGHT-OF-WAY ROAD RECIPROCAL,210017
Land Tenure,Acquisitions,NATIONAL LAKESHORE,210018
Land Tenure,Acquisitions,CONSERVATION PURPOSE,210019
Land Tenure,Acquisitions,DEPARTMENT OF INTERIOR ANNUAL APPROPRIATIONS ACT,210020
Land Tenure,Acquisitions,RAILROAD,210026
Land Tenure,Acquisitions,UNKNOWN,210030
Land Tenure,Acquisitions,TO BE DEFINED,210099
Land Tenure,Acquisitions,STATE OF ARIZONA,210501
Land Tenure,Acquisitions,STATE OF WYOMING CEDED - UNITED STATES,210502
Land Tenure,Acquisitions,DONATION OF LANDS TO UNITED STATES,211000
Land Tenure,Acquisitions,PIERCE ACT LEASE,212002
Land Tenure,Acquisitions,FEDERAL LEASING OF LANDS,212009
Land Tenure,Acquisitions,FEDERAL LAND POLICY MANAGEMENT ACT TEMPORARY LAP,213002
Land Tenure,Acquisitions,ARIZONA IDAHO CONSERVATION ACT 1988,213701
Land Tenure,Acquisitions,BANKHEAD JONES,214000
Land Tenure,Acquisitions,SUBMARGINAL LANDS,214001
Land Tenure,Acquisitions,BLM FROM OTHER AGENCY,214002
Land Tenure,Acquisitions,FEDERAL FARM MORTGAGE CORPORATION,214100
Land Tenure,Acquisitions,FEDERAL FARM MORTGAGE CORPORATION MINERAL INTEREST ONLY,214101
Land Tenure,Acquisitions,MIGRATORY BIRD CONSERVATION ACT,215000
Land Tenure,Acquisitions,BUR SPORT FISH & WILDLIFE,215003
Land Tenure,Acquisitions,FISH WILDLIFE SERVICE,215005
Land Tenure,Acquisitions,BUREAU OF LAND MANAGEMENT,216001
Land Tenure,Acquisitions,FOREST SERVICE WEEKS LAW,218001
Land Tenure,Acquisitions,FOREST SERVICE CLARKE-MCNARY,218002
Land Tenure,Acquisitions,FOREST SERVICE WEEKS LAW AMENDMENT,218003
Land Tenure,Acquisitions,FOREST SERVICE LAND STATE,218004
Land Tenure,Acquisitions,FOREST SERVICE REFOR & REVEG ACT,218005
Land Tenure,Acquisitions,FOREST SERVICE UNITED STATES DEPARTMENT OF AGRICULTURE ORGANIC ACT,218006
Land Tenure,Acquisitions,FOREST SERVICE  FOREST DEVELOPED ROADS,218007
Land Tenure,Acquisitions,FOREST SERVICE  ENDANGERED SPECIE,218008
Land Tenure,Acquisitions,FOREST SERVICE PUBLIC LAW 95-442,218009
Land Tenure,Acquisitions,FOREST SERVICE NATIONAL RECREATION AREA IDAHO,218010
Land Tenure,Acquisitions,FOREST SERVICE NEVADA & TOIYABE NATIONAL FOREST,218011
Land Tenure,Acquisitions,FOREST SERVICE LAKE TAHOE BASIN,218012
Land Tenure,Acquisitions,FOREST SERVICE EASEMENT SMALL TRACT ACT,218013
Land Tenure,Acquisitions,TAHOE NATIONAL FOREST,218014
Land Tenure,Acquisitions,FOREST SERVICE FOR UTAH NATIONAL FOREST,218015
Land Tenure,Acquisitions,FOREST SERVICE RESEARCH FACILITY,218016
Land Tenure,Acquisitions,FOREST SERVICE NATIONAL RECREATIONAL AREA,218017
Land Tenure,Acquisitions,FOREST SERVICE WILDERNESS ACT,218018
Land Tenure,Acquisitions,FOREST SERVICE MISCELLANEOUS,218019
Land Tenure,Acquisitions,UNITED STATES DEPARTMENT OF AGRICULTURE,218020
Land Tenure,Acquisitions,FOREST SERVICE COLUMBIA GORGE NATIONAL SCENIC AREA,218021
Land Tenure,Acquisitions,FOREST SERVICE CASCADE HEAD SPECIAL RESOURCE AREA,218022
Land Tenure,Acquisitions,FOREST SERVICE NATIONAL MONUMENT,218023
Land Tenure,Acquisitions,FOREST SERVICE CREATIVE ACT,218024
Land Tenure,Acquisitions,FOREST SERVICE WILDERNESS,218025
Land Tenure,Acquisitions,BUREAU OF RECLAMATION,218030
Land Tenure,Acquisitions,BUREAU OF INDIAN AFFAIRS,218035
Land Tenure,Acquisitions,WHITE SANDS MISSILE RANGE,218040
Land Tenure,Acquisitions,VETERANS ADMINISTRATION,218050
Land Tenure,Acquisitions,MILITARY PURPOSES,218060
Land Tenure,Acquisitions,DEPARTMENT OF ENERGY (ATOMIC ENERGY COMMISSION & ERDA),218065
Land Tenure,Acquisitions,DEPARTMENT OF DEFENSE,218070
Land Tenure,Acquisitions,CORPS OF ENGINEERS,218071
Land Tenure,Acquisitions,DEPARTMENT OF COMMERCE,218080
Land Tenure,Acquisitions,FEDERAL AVIATION ADMINISTRATION,218090
Land Tenure,Acquisitions,UNITED STATES INFO AGENCY,218091
Land Tenure,Classifications,SECTION 7,240001
Land Tenure,Classifications,SECTION 8 EXCHANGE,240002
Land Tenure,Classifications,ALASKA PUBLIC SALE CLASSIFICATION,240003
Land Tenure,Classifications,PUBLIC SALE,240004
Land Tenure,Classifications,SMALL TRACT,240005
Land Tenure,Classifications,RECREATION AND PUBLIC PURPOSES,240006
Land Tenure,Classifications,OREGON AND CALIFORNIA/COMMUNITY-BASED WATER RESILIENCY TIMBER,240007
Land Tenure,Classifications,OREGON AND CALIFORNIA/COMMUNITY-BASED WATER RESILIENCY AGRICULTURE,240008
Land Tenure,Classifications,MINERAL LANDS,240020
Land Tenure,Classifications,COAL AND OR OTHER MINERALS,240021
Land Tenure,Classifications,MISCELLANEOUS,240050
Land Tenure,Classifications,NATIONAL FOREST EXCHANGE,240051
Land Tenure,Classifications,NATIONAL FOREST HOMESTEAD,240052
Land Tenure,Classifications,WATERSHED PROTECTION AND SPECIAL ACTS,240060
Land Tenure,Classifications,ALL LAND,241000
Land Tenure,Classifications,MULTIPLE USE MANAGEMENT,246100
Land Tenure,Classifications,DISPOSAL,246200
Land Tenure,Exchange,ALASKA (OTHER),220010
Land Tenure,Exchange,TO BE DEFINED,220099
Land Tenure,Exchange,BUREAU OF LAND MANAGEMENT SECTION 206 OF FEDERAL LAND POLICY MANAGEMENT ACT,220100
Land Tenure,Exchange,FOREST SERVICE SECTION 206 OF FEDERAL LAND POLICY MANAGEMENT ACT,220200
Land Tenure,Exchange,"STATE, TAYLOR ACT",221001
Land Tenure,Exchange,STATE ENABLING ACT,221002
Land Tenure,Exchange,STATE OF NEVADA SPECIAL ACT,221003
Land Tenure,Exchange,STATE LAND & WATER CONSERVATION,221004
Land Tenure,Exchange,STATE SPECIAL ACTS,221005
Land Tenure,Exchange,STATE SECTION 206 OF FEDERAL LAND POLICY MANAGEMENT ACT,221006
Land Tenure,Exchange,STATE OF ALASKA,221007
Land Tenure,Exchange,PRIVATE TAYLOR ACT,222001
Land Tenure,Exchange,PRIVATE WESTERN NAVAJO INDIAN RESERVATION,222002
Land Tenure,Exchange,RAILROAD INDIAN,222003
Land Tenure,Exchange,PRIVATE MINERAL,222004
Land Tenure,Exchange,ALASKA NATIVES,222005
Land Tenure,Exchange,PRIVATE MISC,222006
Land Tenure,Exchange,FOREST SERVICE GENERAL EXCHANGE ACT,223000
Land Tenure,Exchange,"FOREST SERVICE, SPECIAL ACT",223010
Land Tenure,Exchange,FOREST SERVICE SPECIAL ACT NEVADA,223012
Land Tenure,Exchange,FOREST SERVICE SMALL TRACT ACT,223013
Land Tenure,Exchange,NATIONAL FOR (LIEU),223014
Land Tenure,Exchange,NATIONAL FOR PRIVATE LAWS,223015
Land Tenure,Exchange,FOREST SERVICE NEW MEXICO SPECIAL ACT,223016
Land Tenure,Exchange,FS BANKHEAD JONES,223017
Land Tenure,Exchange,FOREST SERVICE WEEKS LAW,223018
Land Tenure,Exchange,FOREST SERVICE COLUMBIA NATIONAL SCENIC AREA,223019
Land Tenure,Exchange,FOREST SERVICE MOUNT SAINT HELENS NATIONAL VOLCANIC MONUMENT,223021
Land Tenure,Exchange,NATIONAL PARK SERVICE,224000
Land Tenure,Exchange,NATIONAL SEASHORE,224001
Land Tenure,Exchange,NATIONAL PARK SY (SYSTEM)-SPECIAL ACT,224002
Land Tenure,Exchange,NATIONAL LAKESHORE,224003
Land Tenure,Exchange,NATIONAL WILDLIFE REFUGE,225002
Land Tenure,Exchange,OREGON AND CALIFORNIA,226000
Land Tenure,Exchange,COOS BAY WAGON ROAD,226001
Land Tenure,Exchange,"SPECIAL ACT, RECONVEYED NEW MEXICO",227001
Land Tenure,Exchange,NATIONAL MONUMENT NEW MEXICO,227002
Land Tenure,Exchange,PETRIFIED FOREST NATIONAL MONUMENT,227003
Land Tenure,Exchange,"RECLAMATION, ARIZONA AND NEW MEXICO",227005
Land Tenure,Exchange,SPECIFIC PUBLIC LAWS,227006
Land Tenure,Exchange,SPECIFIC PRIVATE LAWS,227007
Land Tenure,Exchange,INDIAN RESERVATION,227100
Land Tenure,Exchange,INDIAN RESERVE,227101
Land Tenure,Exchange,INDIAN,227102
Land Tenure,Exchange,INDIAN HOPI & NAVAJO,227103
Land Tenure,Exchange,INDIAN INYO MONO COUNTY,227104
Land Tenure,Exchange,INDIAN SOUTHERN UTE,227105
Land Tenure,Exchange,RECLAMATION 43 USC 423C,227201
Land Tenure,Exchange,RECLAMATION 43 USC 451K,227202
Land Tenure,Exchange,RECLAMATION WYOMING EDEN PROJECT,227203
Land Tenure,Exchange,NATIONAL WILD & SCENIC RIVER,227301
Land Tenure,Exchange,NATIONAL TRAIL SYSTEM,227302
Land Tenure,Exchange,KING RANGE CONSERVATION AREA,227400
Land Tenure,Exchange,NATL RECREATION AREA CALIFORNIA,227404
Land Tenure,Grants,SPECIFIC PUBLIC LAWS,260010
Land Tenure,Grants,SCRIP-OR NATURE OF SCRIP,261000
Land Tenure,Grants,SCRIP-OR NATURE OF SCRIP 1850,261001
Land Tenure,Grants,SCRIP-OR NATURE OF SCRIP 1852,261002
Land Tenure,Grants,SCRIP-OR NATURE OF SCRIP 1847,261003
Land Tenure,Grants,SCRIP-OR NATURE OF SCRIP 1812,261004
Land Tenure,Grants,SCRIP-OR NATURE OF SCRIP 1855,261006
Land Tenure,Grants,SCRIP-OR NATURE OF SCRIP 1790,261010
Land Tenure,Grants,SCRIP-OR NATURE OF SCRIP 1796,261011
Land Tenure,Grants,SCRIP-OR NATURE OF SCRIP 1801,261012
Land Tenure,Grants,TO BE DEFINED,261099
Land Tenure,Grants,SCRIP-CERTAIN HOMESTEAD ENTRY INDIANA ALABAMA,261101
Land Tenure,Grants,ALABAMA ENABLING ACT,262001
Land Tenure,Grants,ARKANSAS ENABLING ACT,262003
Land Tenure,Grants,OREGON ACT OF ADMISSION,262007
Land Tenure,Grants,OREGON-DONATION ACT (GRANT),262008
Land Tenure,Grants,OREGON IN-LIEU LANDS SELECTION,262009
Land Tenure,Grants,MT-ND-SD-WA ENABLING ACT,262012
Land Tenure,Grants,WA-IL SELECTION,262013
Land Tenure,Grants,OKLAHOMA ENABLING ACT,262014
Land Tenure,Grants,NEVADA ENABLING ACT,262020
Land Tenure,Grants,NEVADA GRANT OF CERTAIN LAND,262021
Land Tenure,Grants,NEVADA LIEU SELECTION,262022
Land Tenure,Grants,COLORADO ENABLING ACT,262025
Land Tenure,Grants,GT-CERTAIN LAND TO STATE,262026
Land Tenure,Grants,GT-MICHIGAN PUBLIC LANDS,262031
Land Tenure,Grants,GT-MINNESOTA PUBLIC LAND,262032
Land Tenure,Grants,CALIFORNIA ENABLING ACT,262044
Land Tenure,Grants,ARIZONA TERRITORIAL GT,262047
Land Tenure,Grants,ARIZONA ENABLING ACT,262048
Land Tenure,Grants,LIEU SELECTION-ARIZONA,262049
Land Tenure,Grants,NEW MEXICO TERRITORY RE,262050
Land Tenure,Grants,NEW MEXICO TERRITORY GT,262051
Land Tenure,Grants,NEW MEXICO ENABLING ACT,262052
Land Tenure,Grants,ALBUQUERQUE PARK LAND,262053
Land Tenure,Grants,UTAH TERRITORIAL GRANT,262055
Land Tenure,Grants,UTAH ENABLING ACT,262056
Land Tenure,Grants,LIEU SELECTION-UTAH,262057
Land Tenure,Grants,IDAHO ENABLING ACT,262061
Land Tenure,Grants,WYOMING-ENABLING ACT,262095
Land Tenure,Grants,TO BE DEFINED,262099
Land Tenure,Grants,INDEMNITY SELECTIONS,262100
Land Tenure,Grants,INDEMNITY LIST BASE VALID,262101
Land Tenure,Grants,QUANT & SPECIAL GRANT SELECTION,262200
Land Tenure,Grants,AGRICULTURE COLLEGE,262201
Land Tenure,Grants,UNIVERSITY LAND,262202
Land Tenure,Grants,NAVIGABLE WATER BED CONVEYANCE,262210
Land Tenure,Grants,TIDELANDS,262211
Land Tenure,Grants,MIN SCHOOL SELECT,262300
Land Tenure,Grants,SWAMP-LAND GRANT PATENT,262500
Land Tenure,Grants,SWAMP-LAND GRANT NO PATENT,262501
Land Tenure,Grants,CAREY ACT-IRRIGATION,262600
Land Tenure,Grants,CAREY ACT-RECONVEYANCE,262601
Land Tenure,Grants,MILITARY WAGON ROAD OREGON,262801
Land Tenure,Grants,METRO WATER DISTRICT,262820
Land Tenure,Grants,CITY OF LOS ANGELES,262821
Land Tenure,Grants,RAILROAD,263000
Land Tenure,Grants,ATLANTIC AND PACIFIC,263001
Land Tenure,Grants,SANTA FE PACIFIC,263002
Land Tenure,Grants,NORTHERN PACIFIC,263003
Land Tenure,Grants,UNION AND CENTRAL PACIFIC,263004
Land Tenure,Grants,ST PAUL/MINNEAPOLIS/MANITOBA,263005
Land Tenure,Grants,OREGON AND CALIFORNIA,263006
Land Tenure,Grants,OREGON AND CALIFORNIA FORFEITURE PATENT,263007
Land Tenure,Grants,LIEU SELECTION,263010
Land Tenure,Grants,IN WISCONSIN,263020
Land Tenure,Grants,IN MICHIGAN,263021
Land Tenure,Grants,ARKANSAS AND MISSOURI,263025
Land Tenure,Grants,PATENT FOR LAND SOLD BY RAILROAD,263100
Land Tenure,Grants,AIRPORT CONVEYANCE,264000
Land Tenure,Grants,AIRPORT RECONVEYANCE,264001
Land Tenure,Grants,VILLAGE SELECTIONS ALASKA,265101
Land Tenure,Grants,RESERVED MINERAL ESTATE 14(H)(6),265311
Land Tenure,Grants,DETERMINATION AREA ALASKA NATIVE CLAIMS SETTLEMENT ACT SECTION 3(E),265501
Land Tenure,Grants,FOREST LIEU SELECTION,266001
Land Tenure,Grants,LIEU SELECTION-NEW MEXICO,266002
Land Tenure,Grants,SPANISH/MEXICAN,267001
Land Tenure,Grants,PRIVATE LIEU SELECTION,268001
Land Tenure,Occupancy Use,SMALL HOLDING CLAIM,250001
Land Tenure,Occupancy Use,PRIVATE LAND CLAIM,250002
Land Tenure,Occupancy Use,PUBLIC LAND DONATION,250003
Land Tenure,Occupancy Use,PRIVATE LAWS,250004
Land Tenure,Occupancy Use,RECONVEY TO UNITED STATES,250005
Land Tenure,Occupancy Use,SPECIFIC PUBLIC LAWS,250006
Land Tenure,Occupancy Use,HOMESTEAD ENTRY ORIGINAL,251101
Land Tenure,Occupancy Use,HOMESTEAD FOREST,251103
Land Tenure,Occupancy Use,HOMESTEAD STOCK RAISING,251104
Land Tenure,Occupancy Use,TIMBER CULTURE,251105
Land Tenure,Occupancy Use,RECLAMATION HOMESTEAD,251500
Land Tenure,Occupancy Use,DESERT LAND ACT,252000
Land Tenure,Occupancy Use,DESERT LAND ACT ENTRY RECREATION PROJECT,252400
Land Tenure,Occupancy Use,DESERT LAND RECLAMATION,252800
Land Tenure,Occupancy Use,INDIAN ALLOTMENT-GENERAL,253000
Land Tenure,Occupancy Use,INDIAN TRUST PATENT (WIND R),253001
Land Tenure,Occupancy Use,INDIAN CLAIM TREATY DANCING RABBIT,253002
Land Tenure,Occupancy Use,INDIAN CHICKASAW NATION TREATY,253003
Land Tenure,Occupancy Use,INDIAN TREATY OF MEDICINE CREEK,253004
Land Tenure,Occupancy Use,CREEK NATION TREATY,253005
Land Tenure,Occupancy Use,OSAGE NATION TREATY,253006
Land Tenure,Occupancy Use,SEMINOLE NATION TREATY,253007
Land Tenure,Occupancy Use,CHEROKEE NATION TREATY,253008
Land Tenure,Occupancy Use,INDIAN FEE PATENT (HEIR),253010
Land Tenure,Occupancy Use,FEE PAT PATENT (NON-IRA),253020
Land Tenure,Occupancy Use,INDIAN FEE PATENT (IRA),253030
Land Tenure,Occupancy Use,INDIAN FEE PATENT-TERM OR NON-,253040
Land Tenure,Occupancy Use,INDIAN PARTITION,253050
Land Tenure,Occupancy Use,INDIAN FEE PATENT-MISCELLANEOUS,253060
Land Tenure,Occupancy Use,PUEBLO/TOWN LAND CLAIM,253070
Land Tenure,Occupancy Use,TO BE DEFINED,253099
Land Tenure,Occupancy Use,INDIAN ALLOTMENT IN NATIONAL FOREST,253300
Land Tenure,Occupancy Use,INDIAN ALLOTMENT WYANDOTTE,253310
Land Tenure,Occupancy Use,INDIAN TRUST PATENT,253400
Land Tenure,Occupancy Use,INDIAN RE-ISSUE TRUST,253401
Land Tenure,Occupancy Use,INDIAN HOMESTEAD TRUST,253410
Land Tenure,Occupancy Use,INDIAN FEE PATENT,253500
Land Tenure,Occupancy Use,INDIAN TRUST TO FEE,253501
Land Tenure,Occupancy Use,MINERALS ONLY INDIAN FEE PATENT,253502
Land Tenure,Occupancy Use,INDIAN HOMESTEAD FEE PATENT,253510
Land Tenure,Occupancy Use,INDIAN MISSION PATENT,253600
Land Tenure,Occupancy Use,COLOR OF TITLE-PRIVATE LAWS,254001
Land Tenure,Occupancy Use,TO BE DEFINED,254099
Land Tenure,Occupancy Use,COLOR OF TITLE-CLASSIFICATION 1 &2,254100
Land Tenure,Occupancy Use,COLOR OF TITLE-NEW MEXICO,254200
Land Tenure,Occupancy Use,COLOR OF TITLE-ERRONE MEANDER-FLORIDA,254350
Land Tenure,Occupancy Use,COLOR OF TITLE-ERRONE MEANDER-LOUISIANA,254400
Land Tenure,Occupancy Use,COLOR OF TITLE-WISCONSIN,254500
Land Tenure,Occupancy Use,COLOR OF TITLE-IDAHO OMITTED-(SR),254600
Land Tenure,Occupancy Use,COLOR OF TITLE-OMITTED LAND FEDERAL LAND POLICY MANAGEMENT ACT,254700
Land Tenure,Occupancy Use,COLOR OF TITLE-ERR MEAN SNAKE-IDAHO,254800
Land Tenure,Occupancy Use,COLOR OF TITLE-MICHIGAN,254900
Land Tenure,Occupancy Use,MINING CLAIM OCCUPATION ACT,255000
Land Tenure,Occupancy Use,TRADE AND MANUFACTURING SITE,256200
Land Tenure,Occupancy Use,HOMESITE ALASKA,256302
Land Tenure,Occupancy Use,NATIVE TOWNSITE,256400
Land Tenure,Occupancy Use,NONNATIVE TOWNSITE,256500
Land Tenure,Occupancy Use,ALASKA RAILROAD TOWNSITE,256600
Land Tenure,Occupancy Use,CEMETERY RESERVE,256601
Land Tenure,Occupancy Use,HOMESTEAD ENTRY ALASKA,256700
Land Tenure,Other Case Type Groups,PUBLIC LAND,000000
Land Tenure,Other Case Type Groups,CONTEST-PRIVATE,000445
Land Tenure,Other Case Type Groups,PUBLIC WORKS PERMIT-LEASE-EASEMENT,000900
Land Tenure,Other Case Type Groups,MISCELLANEOUS NON-COUNT,007500
Land Tenure,Other Case Type Groups,ACQUIRED EASEMENT,007502
Land Tenure,Other Case Type Groups,STATE SCHOOL SITE,007507
Land Tenure,Other Case Type Groups,FOREST SERVICE,008500
Land Tenure,Other Case Type Groups,SEC AGRC RULES & REGS,008501
Land Tenure,Other Case Type Groups,SEC AGR REG U & L REGS,008502
Land Tenure,Other Case Type Groups,AUTHORITY NOT KNOWN,008503
Land Tenure,Other Case Type Groups,DEPT OF INT WDL(EO10355),008504
Land Tenure,Other Case Type Groups,SPEC USE PERMIT ACTS,008508
Land Tenure,Other Case Type Groups,AUTH UNDEF IN INSTRUMENT,008510
Land Tenure,Other Case Type Groups,MISC PUBLIC LAWS,008511
Land Tenure,Other Case Type Groups,PRIVATE LANDS,008513
Land Tenure,Other Case Type Groups,STATE - LIEU SELECTIONS,008516
Land Tenure,Other Case Type Groups,STATE - SCHOOL LANDS,008517
Land Tenure,Other Case Type Groups,STATE - SWAMP LANDS,008518
Land Tenure,Other Case Type Groups,EASTERN PRIVATE LANDS,008520
Land Tenure,Other Case Type Groups,UNAPPROVED DISCLAIMED TITLE,008522
Land Tenure,Other Case Type Groups,RESERVED TO US,008530
Land Tenure,Other Case Type Groups,TO BE DEFINED,009999
Land Tenure,Other Case Type Groups,TO BE DEFINED,160099
Land Tenure,Other Case Type Groups,UNIT RESOURCE ANALYSIS,160500
Land Tenure,Other Case Type Groups,RESOURCE MANAGEMENT PLANNING,161000
Land Tenure,Other Case Type Groups,ENVIRONMENTAL IMPACT STATEMENT,179201
Land Tenure,Other Case Type Groups,ENVIRONMENTAL ASSESSMENT,179202
Land Tenure,Other Case Type Groups,TO BE DEFINED,200099
Land Tenure,Other Case Type Groups,GENERAL SERVICES ADMINISTRATION MINERAL RESERVATION - BLM ACCOUNT,201010
Land Tenure,Other Case Type Groups,ADMINISTRATIVE LAND USE - COMPLIANCE,206400
Land Tenure,Other Case Type Groups,DESIGNATIONS RESERVATION SITES,207000
Land Tenure,Other Case Type Groups,OPEN TO ENTRY,209184
Land Tenure,Other Case Type Groups,SPECIAL RESERVATION VAL-SHORE SP,209400
Land Tenure,Other Case Type Groups,NON NAVAL WATER DETERMINATION,209500
Land Tenure,Other Case Type Groups,MINERAL PATENT LODE,386200
Land Tenure,Other Case Type Groups,LODE PATENT - MINERALS ONLY,386210
Land Tenure,Other Case Type Groups,MINERAL PATENT PLACER,386300
Land Tenure,Other Case Type Groups,PLACER PATENT - MINERAL ONLY,386310
Land Tenure,Other Case Type Groups,MILLSITE PATENTS,386400
Land Tenure,Other Case Type Groups,MILL SITE PATENT PLACER,386403
Land Tenure,Other Case Type Groups,MINERAL PATENT-POTASSIUM,386501
Land Tenure,Other Case Type Groups,TO BE DEFINED,500099
Land Tenure,Other Case Type Groups,FREE USE TIMBER,551000
Land Tenure,Other Case Type Groups,TO BE DEFINED,600099
Land Tenure,Other Case Type Groups,SIKES ACT (COOP AGREEMENT),652500
Land Tenure,Other Case Type Groups,NATURAL HISTORY RES MGT LAN,820000
Land Tenure,Other Case Type Groups,RESEARCH NATURAL AREAS,822300
Land Tenure,Other Case Type Groups,RECREATION MANAGEMENT,830000
Land Tenure,Other Case Type Groups,OFF-ROAD VEHICLES,834000
Land Tenure,Other Case Type Groups,DESIGNATED NATIONAL AREA - WILD & SCENIC RIVER,835001
Land Tenure,Other Case Type Groups,DESIGNATED NATIONAL AREA - NATIONAL TRAIL,835002
Land Tenure,Other Case Type Groups,ESTABLISHED AREA,835200
Land Tenure,Other Case Type Groups,RECREATION OPERATIONS,836000
Land Tenure,Other Case Type Groups,RECREATION USE AUTHORIZED,837000
Land Tenure,Other Case Type Groups,WILDERNESS BLM WINDERNESS STUDY AREA,850010
Land Tenure,Other Case Type Groups,WILDERNESS FOREST SERVICE RARE II,850040
Land Tenure,Public Admin Procedures,TO BE DEFINED,180099
Land Tenure,Public Admin Procedures,PUBLIC LANDS LITIGATION,181050
Land Tenure,Public Admin Procedures,TITLE RESOLUTION,181301
Land Tenure,Public Admin Procedures,QUITCLAIM DEED BY GENERAL SERVICES ADMINISTRATION,186001
Land Tenure,Public Admin Procedures,OMNIBUS ACT QUITCLAIM DEED ALASKA,186002
Land Tenure,Public Admin Procedures,QUITCLAIM DEED/OTHER DEED BUREAU OF INDIAN AFFAIRS,186003
Land Tenure,Public Admin Procedures,QUITCLAIM DEED,186004
Land Tenure,Public Admin Procedures,QUITCLAIM DEED BY FOREST SERVICE,186005
Land Tenure,Public Admin Procedures,QUITCLAIM DEED PRIVATE LAWS,186006
Land Tenure,Public Admin Procedures,DEPARTMENT OF TRANSPORTATION,186007
Land Tenure,Public Admin Procedures,QUITCLAIM DEED PUBLIC LAWS,186008
Land Tenure,Public Admin Procedures,QUITCLAIM DEED OF TITLE TO UNITED STATES,186009
Land Tenure,Public Admin Procedures,QUITCLAIM DEED BY DEPARTMENT OF DEFENSE AGENCY,186010
Land Tenure,Public Admin Procedures,QUITCLAIM DEED FOR WILDLIFE,186011
Land Tenure,Public Admin Procedures,QUITCLAIM DEED FOREST SERVICE SPECIAL,186012
Land Tenure,Public Admin Procedures,QUITCLAIM DEED TO UNITED STATES-DEPARTMENT OF TRANSPORTATION,186013
Land Tenure,Public Admin Procedures,TITLE TRANSFER TO FOREST SERVICE,186050
Land Tenure,Public Admin Procedures,QUITCLAIM DEED TO UNITED STATES-AGENCY UNKNOWN,186100
Land Tenure,Public Admin Procedures,QUITCLAIM DEED TO UNITED STATES-FEDERAL AGENCY UNKNOWN,186101
Land Tenure,Public Admin Procedures,SUPPLEMENTAL NON-COAL PATENT,186230
Land Tenure,Public Admin Procedures,SUPPLEMENTAL NON-MINERAL PATENT,186231
Land Tenure,Public Admin Procedures,OTHER TITLE CONVEYANCE,186300
Land Tenure,Public Admin Procedures,QUIET TITLE DOCUMENT TO UNITED STATES,186301
Land Tenure,Public Admin Procedures,OREGON AND CALIFORNIA REVESTED LANDS,186302
Land Tenure,Public Admin Procedures,COOS BAY WAGON ROAD RECONVEYED LAND,186303
Land Tenure,Public Admin Procedures,TRANSFER JURISDICTION TO BLM -OREGON & CALIFORNIA,186304
Land Tenure,Public Admin Procedures,TRANSFER JURISDICTION TO FOREST SERVICE - PUBLIC DOMAIN,186305
Land Tenure,Public Admin Procedures,TRANSFER JURISDICTION TO  GENERAL SERVICES ADMINISTRATION,186306
Land Tenure,Public Admin Procedures,TRANSFER JURISDICTION TO  BURERA OF INDIAN AFFAIRS,186307
Land Tenure,Public Admin Procedures,CAREY ACT - QUITCLAIM DEED TO STATES,186310
Land Tenure,Public Admin Procedures,ESCHEATMENT OF INDIAN LAND,186311
Land Tenure,Public Admin Procedures,RECORDABLE DISCLAIMERS,186400
Land Tenure,Public Admin Procedures,FOREST LIEU DISCLAIMER,186401
Land Tenure,Public Admin Procedures,CONVEYANCE DOCUMENT CORRECTION,186500
Land Tenure,Public Admin Procedures,EQUITABLE ADJUDICATION,187110
Land Tenure,Public Admin Procedures,PAYMENT IN LIEU OF TAXES,188100
Land Tenure,RPP Patents Reconveyances,RECREATION AND PUBLIC PURPOSES RECONVEYED,274002
Land Tenure,RPP Patents Reconveyances,RECREATION AND PUBLIC PURPOSES SOUTHERN NEVADA PUBLIC LAND MANAGEMENT ACT,274003
Land Tenure,RPP Patents Reconveyances,RECREATION AND PUBLIC PURPOSES SANTINI-BURTON,274004
Land Tenure,RPP Patents Reconveyances,R&PP TRANSFER OF REVERSIONARY INTEREST-SNPLMA,274005
Land Tenure,RPP Patents Reconveyances,TRANSFER OF REVERSIONARY INTEREST SANTINI-BURTON,274006
Land Tenure,RPP Patents Reconveyances,RECREATION AND PUBLIC PURPOSES UNSURVEYED ISLANDS,274200
Land Tenure,Sales,SANTINI-BURTON NEVADA,270001
Land Tenure,Sales,PUBLIC LANDS NEW MEXICO,270002
Land Tenure,Sales,PUBLIC LANDS UTAH,270003
Land Tenure,Sales,SPECIFIC PUBLIC LAND-NEVADA,270004
Land Tenure,Sales,SPECIFIC PUBLIC LAND-MONTANA,270005
Land Tenure,Sales,SPECIFIC PUBLIC LAND-IDAHO,270006
Land Tenure,Sales,SPECIFIC PUBLIC LAND-ALASKA,270007
Land Tenure,Sales,SPECIFIC PUBLIC LAND-ARIZONA,270008
Land Tenure,Sales,SPECIFIC PUBLIC LAND-CALIFORNIA,270009
Land Tenure,Sales,SPECIFIC PUBLIC LAND-COLORADO,270010
Land Tenure,Sales,SPECIFIC PUBLIC LAND-OREGON,270011
Land Tenure,Sales,SPECIFIC PUBLIC LAND-WYOMING,270012
Land Tenure,Sales,SPECIFIC PUBLIC LAND-NORTH DAKODA,270013
Land Tenure,Sales,SPECIFIC PUBLIC LAND-MICHIGAN,270014
Land Tenure,Sales,SPECIFIC PUBLIC LAND-WASHINGTON,270015
Land Tenure,Sales,SPECIFIC PUBLIC LAND-MINNESOTA,270016
Land Tenure,Sales,SPECIFIC PUBLIC LAND-ALABAMA,270017
Land Tenure,Sales,SPECIFIC PUBLIC LAND-OKLAHOMA,270018
Land Tenure,Sales,TIMBER & STONE ACT,270020
Land Tenure,Sales,SOUTHERN NEVADA PUBLIC LAND MANAGEMENT ACT GENERAL,270030
Land Tenure,Sales,SOUTHERN NEVADA PUBLIC LAND MANAGEMENT ACT  - SANTINI-BURTON AREA,270031
Land Tenure,Sales,SOUTHERN NEVADA PUBLIC LAND MANAGEMENT ACT  - COOPERATIVE MANAGEMENT AREA,270032
Land Tenure,Sales,SNLPMA SANTINI-BURTON - COOPERATIVE MANAGEMENT AREA,270033
Land Tenure,Sales,SOUTHERN NEVADA PUBLIC LAND MANAGEMENT ACT  - HSE,270034
Land Tenure,Sales,SOUTHERN NEVADA PUBLIC LAND MANAGEMENT ACT  HSE - SANTINI-BURTON,270035
Land Tenure,Sales,SOUTHERN NEVADA POLICY MANAGEMENT ACT OTHER,270037
Land Tenure,Sales,SALE- TO BE DEFINED,270099
Land Tenure,Sales,PUBLIC LANDS FEDERAL LANDS POLICY MANAGEMENT ACT,271000
Land Tenure,Sales,PUBLIC REVISED STATUTES 2455,271001
Land Tenure,Sales,SECTION 203 & 209 PUBLIC LANDS FEDERAL LANDS POLICY MANAGEMENT ACT,272000
Land Tenure,Sales,PUBLIC LAND SALE ACT,272001
Land Tenure,Sales,CASH ENTRY,272002
Land Tenure,Sales,COAL LAND,272003
Land Tenure,Sales,SOUTHERN NEVADA POLICY MANAGEMENT ACT OTHER - MINERAL,272004
Land Tenure,Sales,SOUTHERN NEVADA POLICY MANAGEMENT ACT OTHER - MINERAL SANTINI-BURTON,272005
Land Tenure,Sales,HARRSION LAND ACT,272006
Land Tenure,Sales,SECTION 209 MINERAL FEDERAL LANDS POLICY MANAGEMENT ACT,272011
Land Tenure,Sales,SMALL TRACT,273000
Land Tenure,Sales,RECREATION AND PUBLIC PURPOSES,274000
Land Tenure,Sales,MISSION SITE ALASKA,274001
Land Tenure,Sales,CEMETERY LAND,275000
Land Tenure,Sales,CEMETERY & PARK TO CITY,275001
Land Tenure,Sales,PRESIDENTIAL TNS,276000
Land Tenure,Sales,TOWNSITE SETTLEMENT,276200
Land Tenure,Sales,TOWNSITE COCONINO ARIZONA,276201
Land Tenure,Sales,TOWNLOTS WISCONSIN AND IOWA,276203
Land Tenure,Sales,TOWNSITE GALENA ILLINOIS,276204
Land Tenure,Sales,TOWNSITE HOT SPRINGS,276205
Land Tenure,Sales,TOWNSITE HOBART OKLAHOMA,276206
Land Tenure,Sales,INDIAN TOWNSITE MONTANA,276210
Land Tenure,Sales,"INDIAN TOWNSITE NORTH DAKOTA, SOUTH DAKOTA",276211
Land Tenure,Sales,INDIAN RESERVATION TO RAILROAD,276212
Land Tenure,Sales,INDIAN TOWNSITE IDAHO,276213
Land Tenure,Sales,INDIAN TOWNSITE WASHINGTON,276214
Land Tenure,Sales,INDIAN TOWNSITE OREGON,276215
Land Tenure,Sales,TRUSTEE TOWNSITE,276300
Land Tenure,Sales,RECLAMATION TOWNSITE,276400
Land Tenure,Sales,BUREAU OF RECLAMATION PUBLIC LAND,276402
Land Tenure,Sales,BUREAU OF RECLAMATION ACQUIRED LAND,276403
Land Tenure,Sales,SCHOOL GRANT RECREATION TOWNSITE,276500
Land Tenure,Sales,SCHOOL PURPOSE RECONVEYED-BR,276501
Land Tenure,Sales,PUBLIC RESERVATION OKLAHOMA TOWNSITE,276600
Land Tenure,Sales,NATIONAL FOREST TOWNSITES FEDERAL LAND POLICY MANAGEMENT ACT,276700
Land Tenure,Sales,FOREST SERVICE SMALL TRACT ACT,276701
Land Tenure,Sales,NATIONAL FOREST IDAHO PANHANDLE,276702
Land Tenure,Sales,NATIONAL FOREST SOUTH DAKOTA,276703
Land Tenure,Sales,NATIONAL FOREST NORTH DAKOTA,276704
Land Tenure,Sales,ALASKA PUBLIC SALE ACT,277100
Land Tenure,Sales,POINT WORONZOF ALASKA,278001
Land Tenure,Sales,"TITLE 32, CHAPTER 7",278002
Land Tenure,Sales,MINERAL INTEREST,278003
Land Tenure,Sales,FT BAYARD MILRS NEW MEXICO,278004
Land Tenure,Sales,PUBLIC LAND ORDER 1613 HIGHWAY LOTS,278005
Land Tenure,Sales,CHOCTAW-CHICKASAW,278100
Land Tenure,Sales,PRIVATE LAWS,278200
Land Tenure,Sales,STATE IRRIGATION DISTRICT,278300
Land Tenure,Sales,ARKANSAS DRAINAGE,278400
Land Tenure,Sales,UNINTENTIONAL TRESPASS,278500
Land Tenure,Sales,PLS UNINTENTIONAL TRESPASS,278501
Land Tenure,Withdrawals,NATIONAL WILDLIFE FEDERATION LAWSUIT WITHDRAWAL,230021
Land Tenure,Withdrawals,TO BE DEFINED,230099
Land Tenure,Withdrawals,HOT SPRINGS WITHDRAWAL,231101
Land Tenure,Withdrawals,WATERSHED PROJECT-SPECIAL ACT WITHDRAWAL,231103
Land Tenure,Withdrawals,PUBLIC WATER RESERVE WITHDRAWAL,231104
Land Tenure,Withdrawals,RECREATIONAL PURPOSE WITHDRAWAL,231105
Land Tenure,Withdrawals,BLM WILDERNESS DESIGNATION WITHDRAWAL,231106
Land Tenure,Withdrawals,BLM WILD AND SCENIC RIVER WITHDRAWAL,231107
Land Tenure,Withdrawals,STOCK DRIVEWAY WITHDRAWAL,231108
Land Tenure,Withdrawals,POWER SITE RESERVATION WITHDRAWAL,231109
Land Tenure,Withdrawals,POWER SITE CLASSIFICATION WITHDRAWAL,231110
Land Tenure,Withdrawals,POWER SITE RESERVATION (INDIAN) WITHDRAWAL,231111
Land Tenure,Withdrawals,WATER POWER DESIGNATION WITHDRAWAL,231112
Land Tenure,Withdrawals,BLM NATIONAL MONUMENT WITHDRAWAL,231113
Land Tenure,Withdrawals,STATE EXCHANGE WITHDRAWAL,231114
Land Tenure,Withdrawals,OIL SHALE WITHDRAWAL,231115
Land Tenure,Withdrawals,COAL AND OR OTHER MINERALS WITHDRAWAL,231116
Land Tenure,Withdrawals,ALASKA UTILITY CORRIDOR WITHDRAWAL,231117
Land Tenure,Withdrawals,ALASKA VILLAGE/REGIONAL DEFICIENCY AREA WITHDRAWAL,231118
Land Tenure,Withdrawals,ALASKA D1 WITHDRAWAL,231120
Land Tenure,Withdrawals,BLM TOWNSITE WITHDRAWAL,231123
Land Tenure,Withdrawals,RESERVOIR SITES WITHDRAWAL,231125
Land Tenure,Withdrawals,RESERVOIR SITE RESERVATION WITHDRAWAL,231126
Land Tenure,Withdrawals,ALASKA RAILROAD TOWNSITE WITHDRAWAL,231130
Land Tenure,Withdrawals,ALASKA VILLAGE WITHDRAWAL,231131
Land Tenure,Withdrawals,ALASKA REGION WITHDRAWAL,231132
Land Tenure,Withdrawals,ALASKA FOUR CITIES WITHDRAWAL,231133
Land Tenure,Withdrawals,ALASKA NATIONAL PETROLEUM RESERVATION WITHDRAWAL,231134
Land Tenure,Withdrawals,BLM SPECIAL DESIGNATION WITHDRAWAL,231145
Land Tenure,Withdrawals,BLM MONTANA ROCKY MOUNTAIN FRONT WITHDRAWAL,231146
Land Tenure,Withdrawals,BLM MISCELLANEOUS WITHDRAWAL,231170
Land Tenure,Withdrawals,PUBLIC LAND SALE MINERAL RESERVATION WITHDRAWAL,231171
Land Tenure,Withdrawals,RECLAMATION WITHDRAWAL,231201
Land Tenure,Withdrawals,RECLAMATION TOWNSITE WITHDRAWAL,231202
Land Tenure,Withdrawals,RECLAMATION MISC WITHDRAWAL,231270
Land Tenure,Withdrawals,INDIAN RESERVATION WITHDRAWAL,231301
Land Tenure,Withdrawals,INDIAN USE WITHDRAWAL,231304
Land Tenure,Withdrawals,INDIAN TRUST FOR INDIANS WITHDRAWAL,231305
Land Tenure,Withdrawals,INDIAN POWER SITE RESERVE WITHDRAWAL,231307
Land Tenure,Withdrawals,INDIAN RESERVOIR SITE WITHDRAWAL,231308
Land Tenure,Withdrawals,BUREAU OF INDIA AFFAIRS TOWNSITES WITHDRAWAL,231311
Land Tenure,Withdrawals,BIA MISCELLANEOUS WITHDRAWAL,231370
Land Tenure,Withdrawals,FISH AND WILDLIFE SERVICE NATIONAL REFUGE SYSTEM WITHDRAWAL,231401
Land Tenure,Withdrawals,FISH AND WILDLIFE SERVICE MANAGEMENT SYSTEM WITHDRAWAL,231402
Land Tenure,Withdrawals,FISH AND WILDLIFE SERVICE WILD AND SCENIC RIVER WITHDRAWAL,231403
Land Tenure,Withdrawals,FISH AND WILDLIFE SERVICE WILDERNESS DESIGNATION WITHDRAWAL,231404
Land Tenure,Withdrawals,FISH AND WILDLIFE SERVICE MISCELLANEOUS WITHDRAWAL,231470
Land Tenure,Withdrawals,NATIONAL PARKS WITHDRAWAL,231501
Land Tenure,Withdrawals,NATIONAL PARKS SERVICE WILDERNESS DESIGNATION WITHDRAWAL,231502
Land Tenure,Withdrawals,NATIONAL PARKS SERVICE NATIONAL MONUMENT WITHDRAWAL,231503
Land Tenure,Withdrawals,NATIONAL PARKS SERVICE WILD AND SCENIC RIVER WITHDRAWAL,231504
Land Tenure,Withdrawals,MEMORIAL PARKWAYS WITHDRAWAL,231505
Land Tenure,Withdrawals,NATIONAL MEMORIALS WITHDRAWAL,231507
Land Tenure,Withdrawals,NATIONAL PARKS SERVICES NATIONAL RECREATIONAL AREAS WITHDRAWAL,231508
Land Tenure,Withdrawals,NATIONAL HISTORIC SITE/PARK WITHDRAWAL,231509
Land Tenure,Withdrawals,NATIONAL BATTLEFIELDS WITHDRAWAL,231510
Land Tenure,Withdrawals,NATIONAL PARKS SERVICE MISCELLANEOUS WITHDRAWAL,231570
Land Tenure,Withdrawals,UNITED STATES GEOLOGICAL SURVEY WITHDRAWAL,231601
Land Tenure,Withdrawals,UNITED STATES DEPARTMENT OF AGRICULTURE MISCELLANEOUS WITHDRAWAL,232070
Land Tenure,Withdrawals,FOREST ELIMINATION WITHDRAWAL,232106
Land Tenure,Withdrawals,FOREST SERVICE WILDERNESS DESIGNATION WITHDRAWAL,232107
Land Tenure,Withdrawals,FOREST SERVICE TOWNSITE WITHDRAWAL,232108
Land Tenure,Withdrawals,FOREST SERVICE NATIONAL MONUMENT WITHDRAWAL,232109
Land Tenure,Withdrawals,FOREST SERVICE WILD AND SCENIC RIVER WITHDRAWAL,232110
Land Tenure,Withdrawals,FOREST SERVICE WATERSHED PROJECT SPECIAL WITHDRAWAL,232111
Land Tenure,Withdrawals,FOREST SERVICE NATIONAL RECREATIONAL AREA WITHDRAWAL,232112
Land Tenure,Withdrawals,FOREST SERVICE NATIONAL FORESTS WITHDRAWAL,232113
Land Tenure,Withdrawals,FOREST SERVICE MISCELLANEOUS WITHDRAWAL,232170
Land Tenure,Withdrawals,AGRICULTURE RESEARCH SERVICE WITHDRAWAL,232600
Land Tenure,Withdrawals,SOIL CONSERVATION SERVICE WITHDRAWAL,232700
Land Tenure,Withdrawals,BUREAU OF MINES MISCELLANEOUS WITHDRAWAL,232800
Land Tenure,Withdrawals,DEPARTMENT OF DEFENSE MISCELLANEOUS WITHDRAWAL,233170
Land Tenure,Withdrawals,MILITARY CONTAMINATION AREAS WITHDRAWAL,233171
Land Tenure,Withdrawals,DEPARTMENT OF ARMY WITHDRAWAL,233200
Land Tenure,Withdrawals,CORPS OF ENGINEERS WITHDRAWAL,233201
Land Tenure,Withdrawals,DEPARTMENT OF NAVY WITHDRAWAL,233300
Land Tenure,Withdrawals,DEPARTMENT OF AIR FORCE WITHDRAWAL,233400
Land Tenure,Withdrawals,DEPARTMENT OF ENERGY MISCELLANEOUS WITHDRAWAL,234070
Land Tenure,Withdrawals,NUCLEAR REGULATORY COMMISSION WITHDRAWAL,234203
Land Tenure,Withdrawals,OIL SHALE RESERVE WITHDRAWAL,234211
Land Tenure,Withdrawals,NAVAL PETROLEUM RESERVE WITHDRAWAL,234212
Land Tenure,Withdrawals,FEDERAL ENERGY REGULATORY COMMISSION WITHDRAWAL,234400
Land Tenure,Withdrawals,BONNEVILLE POWER ADMINISTRATION WITHDRAWAL,234700
Land Tenure,Withdrawals,ALASKA POWER ADMINISTRATION WITHDRAWAL,234900
Land Tenure,Withdrawals,DEPARTMENT OF TRANSPORTATION MISCELLANEOUS WITHDRAWAL,235070
Land Tenure,Withdrawals,FEDERAL AVIATION ADMINISTRATION WITHDRAWAL,235100
Land Tenure,Withdrawals,COAST GUARD WITHDRAWAL,235200
Land Tenure,Withdrawals,DEPARTMENT OF COMMERCE MISCELLANEOUS WITHDRAWAL,236070
Land Tenure,Withdrawals,NATIONAL OCEANIC AND ATMOSPHERIC ADMINISTRATION WITHDRAWAL,236100
Land Tenure,Withdrawals,NATIONAL WEATHER SERVICE WITHDRAWAL,236101
Land Tenure,Withdrawals,NATIONAL MARINE FISHERIES WITHDRAWAL,236102
Land Tenure,Withdrawals,DEPARTMENT OF STATE MISCELLANEOUS WITHDRAWAL,237070
Land Tenure,Withdrawals,CANADIAN BOUNDARY WITHDRAWAL,237101
Land Tenure,Withdrawals,MEXICAN BOUNDARY WITHDRAWAL,237102
Land Tenure,Withdrawals,POSTAL SERVICE WITHDRAWAL,238100
Land Tenure,Withdrawals,VETERANS ADMINISTRATION WITHDRAWAL,238200
Land Tenure,Withdrawals,PUBLIC HEALTH SERVICE WITHDRAWAL,238301
Land Tenure,Withdrawals,HEALTH & HUMAN MISCELLANEOUS WITHDRAWAL,238370
Land Tenure,Withdrawals,DEPARTMENT OF TREASURY WITHDRAWAL,238400
Land Tenure,Withdrawals,TENNESSEE VALLEY AUTHORITY WITHDRAWAL,238500
Land Tenure,Withdrawals,NATIONAL AERONAUTICS AND SPACE ADMINISTRATION WITHDRAWAL,238600
Land Tenure,Withdrawals,DEPARTMENT OF JUSTICE WITHDRAWAL,238700
Land Tenure,Withdrawals,ENVIRONMENTAL PROTECTION AGENCY WITHDRAWAL,238800
Land Tenure,Occupancy Use,HEADQUARTERS SITE,256301
Land Use Authorizations,Rights of Way,FACILITY TO HIGHWAY,280003
Land Use Authorizations,Rights of Way,TEMPORARY USE PERMITS,280004
Land Use Authorizations,Rights of Way,FEDERAL BUREAU OF INDIAN AFFAIRS,280502
Land Use Authorizations,Rights of Way,ROADS FEDERAL LAND POLICY AND MANAGEMENT ACT,281001
Land Use Authorizations,Rights of Way,ROADS ACQUIRED,281003
Land Use Authorizations,Rights of Way,COASTAL PLAIN,281006
Land Use Authorizations,Rights of Way,FEDERAL FACILITY,281007
Land Use Authorizations,Rights of Way,FEDERAL 44 LD 513,281008
Land Use Authorizations,Rights of Way,ROAD RECONVEYED,281011
Land Use Authorizations,Rights of Way,TO BE DEFINED,281099
Land Use Authorizations,Rights of Way,TRAMROAD AND LOG PUBLIC LAND,281100
Land Use Authorizations,Rights of Way,RECIPROCAL PUBLIC LAND,281130
Land Use Authorizations,Rights of Way,TRAMWAY-LOG ROAD-OREGON AND CALIFORNIA COOS BAY R LANDS,281200
Land Use Authorizations,Rights of Way,"LOG ROAD PERMIT OREGON AND CALIFORNIA, COOS BAY WAGON ROAD",281210
Land Use Authorizations,Rights of Way,TRAMWAY LOG OREGON AND CALIFORNIA RECONVEYED,281211
Land Use Authorizations,Rights of Way,RECIPROCAL (RWA) OREGON AND CALIFORNIA COOS BAY WAGON ROAD,281230
Land Use Authorizations,Rights of Way,COST SHARE ROAD FEDERAL LAND POLICY AND MANAGEMENT ACT,281300
Land Use Authorizations,Rights of Way,COOPERATIVE AGREEMENT ROADS,281400
Land Use Authorizations,Rights of Way,FEDERAL AID HIGHWAY (SEC. 107),282101
Land Use Authorizations,Rights of Way,MATERIAL SITES (SEC. 107),282102
Land Use Authorizations,Rights of Way,FEDERAL AID HIGHWAY (SEC 317),282103
Land Use Authorizations,Rights of Way,MATERIAL SITES (SEC. 317),282104
Land Use Authorizations,Rights of Way,FEDERAL AID HIGHWAY (SEC 17),282105
Land Use Authorizations,Rights of Way,MATERIAL SITES (SEC 17),282106
Land Use Authorizations,Rights of Way,FOREST SERVICE FEDERAL AID HIGHWAY SEC. 317,282107
Land Use Authorizations,Rights of Way,ROADS UNDER REVISED STATUTES 2477,282201
Land Use Authorizations,Rights of Way,WIND SITE TEST,283001
Land Use Authorizations,Rights of Way,WIND PROJECT TEST,283002
Land Use Authorizations,Rights of Way,WIND DEVELOPMENT GRANT,283003
Land Use Authorizations,Rights of Way,SOLAR SITE TEST,283101
Land Use Authorizations,Rights of Way,SOLAR PROJECT AREA TEST,283102
Land Use Authorizations,Rights of Way,SOLAR DEVELOPMENT GRANT,283103
Land Use Authorizations,Rights of Way,SOLAR DEVELOPMENT LEASE,283104
Land Use Authorizations,Rights of Way,"RAILROAD, STATION GROUND",284001
Land Use Authorizations,Rights of Way,"RAILROAD, FACILITY, ACQUIRED",284003
Land Use Authorizations,Rights of Way,RAILROAD SPECIAL ACTS,284004
Land Use Authorizations,Rights of Way,RAILROAD RECONVEYED,284011
Land Use Authorizations,Rights of Way,TO BE DEFINED,284099
Land Use Authorizations,Rights of Way,"RAILROAD, ROAD, AND TRAMWAYS ALASKA",284100
Land Use Authorizations,Rights of Way,RAILROAD AND STATIONS OUTSIDE ALASKA,284200
Land Use Authorizations,Rights of Way,MILITARY WAGON ROAD OREGON,284201
Land Use Authorizations,Rights of Way,"MILITARY WAGON ROAD OREGON, ALBANY-EAST",284203
Land Use Authorizations,Rights of Way,POWER FACILITIES,285001
Land Use Authorizations,Rights of Way,POWER TRANSMISSION LINE,285002
Land Use Authorizations,Rights of Way,POWER TRANSMISSION FEDERAL LAND POLICY AND MANAGEMENT ACT,285003
Land Use Authorizations,Rights of Way,POWER TRANSMISSION IRRIGATION PROJECT,285004
Land Use Authorizations,Rights of Way,POWER TRANSMISSION ACQUIRED,285005
Land Use Authorizations,Rights of Way,POWER FACILITY & TRANSMISSION,285006
Land Use Authorizations,Rights of Way,POWER LINE FEDERAL FACILITY,285007
Land Use Authorizations,Rights of Way,POWER LINE 44 LD 513,285008
Land Use Authorizations,Rights of Way,POWER LINE RECONVEYED,285011
Land Use Authorizations,Rights of Way,TO BE DEFINED,285099
Land Use Authorizations,Rights of Way,RECLAMATION PROJECT,285110
Land Use Authorizations,Rights of Way,BOULDER CANYON PROJECT,285130
Land Use Authorizations,Rights of Way,COMMUNICATION SITE FEDERAL LAND POLICY AND MANAGEMENT ACT,286001
Land Use Authorizations,Rights of Way,COMMUNICATION SITE ACQUIRED,286003
Land Use Authorizations,Rights of Way,COMMUNICATION SITE 1911,286005
Land Use Authorizations,Rights of Way,COMMUNICATION SITE FEDERAL FACILITY,286007
Land Use Authorizations,Rights of Way,COMMUNICATION SITE 44 LD 513,286008
Land Use Authorizations,Rights of Way,COMMUNICATION SITE RECONVEYED,286011
Land Use Authorizations,Rights of Way,TO BE DEFINED,286099
Land Use Authorizations,Rights of Way,RADIO AND TV SITES,286100
Land Use Authorizations,Rights of Way,TELEPHONE TELEGRAPH 43USC959,286200
Land Use Authorizations,Rights of Way,TELEPHONE TELEGRAPH 43USC961,286202
Land Use Authorizations,Rights of Way,"TELEPHONE, TELEGRAPH, AND FIBER OPTIC; FEDERAL LAND POLICY AND MANAGEMENT ACT",286203
Land Use Authorizations,Rights of Way,"TELEPHONE, TELEGRAPH, AND FIBER OPTIC; ACQUIRED",286205
Land Use Authorizations,Rights of Way,"TELEPHONE, TELEGRAPH, AND FIBER OPTIC; FEDERAL FACILITY",286207
Land Use Authorizations,Rights of Way,"TELEPHONE, TELEGRAPH, AND FIBER OPTIC; 44LD513",286208
Land Use Authorizations,Rights of Way,"TELEPHONE, TELEGRAPH, AND FIBER OPTIC; RECONVEYED",286211
Land Use Authorizations,Rights of Way,WATER FACILITY FEDERAL LAND POLICY AND MANAGEMENT ACT,287001
Land Use Authorizations,Rights of Way,WATER FACILITY ACQUIRED,287003
Land Use Authorizations,Rights of Way,WATER FACILITY FEDERAL,287007
Land Use Authorizations,Rights of Way,WATER FACILITY 44 LD 513,287008
Land Use Authorizations,Rights of Way,WATER FACILITY RECONVEYED,287011
Land Use Authorizations,Rights of Way,TO BE DEFINED,287099
Land Use Authorizations,Rights of Way,IRRIGATION FACILITY,287100
Land Use Authorizations,Rights of Way,IRRIGATION DISTRICT,287101
Land Use Authorizations,Rights of Way,IRRIGATION FACILITY RECONVEYED,287111
Land Use Authorizations,Rights of Way,LIVESTOCK WATER FACILITY,287200
Land Use Authorizations,Rights of Way,WATER PLANTS,287300
Land Use Authorizations,Rights of Way,DITCHES AND CANALS EXISTING USE PRIOR TO FEDERAL LAND POLICY AND MANAGEMENT ACT,287400
Land Use Authorizations,Rights of Way,DITCHES AND CANALS EXERCISE OF RIGHT,287500
Land Use Authorizations,Rights of Way,PIPELINE-OTHER,288001
Land Use Authorizations,Rights of Way,TRANSPORTATION OR DISTRIBUTION SOLID MATERIALS,288004
Land Use Authorizations,Rights of Way,PIPELINE ACQUIRED,288005
Land Use Authorizations,Rights of Way,MINERAL LEASE PURPOSES RECONVEYED,288011
Land Use Authorizations,Rights of Way,TO BE DEFINED,288099
Land Use Authorizations,Rights of Way,OIL AND GAS PIPELINES,288100
Land Use Authorizations,Rights of Way,OIL AND GAS FACILITY SITES,288101
Land Use Authorizations,Rights of Way,SALT WATER DISPOSAL MINERAL LEASING ACT,288103
Land Use Authorizations,Rights of Way,SALT WATER DISPOSAL FEDERAL LAND POLICY AND MANAGEMENT ACT,288104
Land Use Authorizations,Rights of Way,OIL AND GAS TEMPORARY USE PERMITS,288106
Land Use Authorizations,Rights of Way,OIL AND GAS PIPELINE /FACILITY RECONVEYED,288111
Land Use Authorizations,Rights of Way,ALASKA GAS PIPELINE TEMPORARY USE PERMIT,288151
Land Use Authorizations,Rights of Way,NAVAL PETROLEUM RESERVES ACT,288401
Land Use Authorizations,Rights of Way,OTHER FEDERAL LAND POLICY AND MANAGEMENT ACT,289001
Land Use Authorizations,Rights of Way,MISCELLANEOUS IRRIGATION PROJECT,289003
Land Use Authorizations,Rights of Way,MISCELLANEOUS AND SPECIAL,289004
Land Use Authorizations,Rights of Way,OTHER FEDERAL FACILITY,289007
Land Use Authorizations,Rights of Way,OTHER FED 44 LD 513,289008
Land Use Authorizations,Rights of Way,OTHER RECONVEYED,289011
Land Use Authorizations,Rights of Way,TO BE DEFINED,289099
Land Use Authorizations,Rights of Way,FOREST LAND,289100
Land Use Authorizations,Rights of Way,FOREST SERVICE EASEMENT GRANT,289101
Land Use Authorizations,Rights of Way,FOREST SERVICE CONSTRUCTION ROADS AND TRAILS,289102
Land Use Authorizations,Rights of Way,"FOREST SERVICE 16USC5571C,580D",289103
Land Use Authorizations,Rights of Way,FOREST SERVICE 16 USC 528-531,289104
Land Use Authorizations,Rights of Way,FOREST SERVICE SPECIAL USE PERMITS,289105
Land Use Authorizations,Rights of Way,FOREST SERVICE EASEMENT FEDERAL LAND POLICY AND MANAGEMENT ACT,289106
Land Use Authorizations,Rights of Way,FOREST SERVICE OTHER FEDERAL AGENCY,289107
Land Use Authorizations,Rights of Way,FOREST SERVICE RECONVEYED,289111
Land Use Authorizations,Rights of Way,ISSUED BY MILITARY DEPARTMENT,289150
Land Use Authorizations,Rights of Way,ISSUED BY ATOMIC ENERGY COMMISSION,289160
Land Use Authorizations,Rights of Way,ACQUIRED LAND REAL PROPERTY,289200
Land Use Authorizations,Rights of Way,TRANS ALASKA PIPELINE (TAPS),289600
Land Use Authorizations,Rights of Way,ACCESS ROAD ALASKA,289601
Land Use Authorizations,Rights of Way,PUMP STATION PERMANENT ALASKA,289608
Land Use Authorizations,Rights of Way,MECHANICAL REFRIGERATION PERMANENT ALASKA,289610
Land Use Authorizations,Rights of Way,PUMP STATION COMMUNICATION SITE PERMANENT ALASKA,289612
Land Use Authorizations,Rights of Way,BASIC COMMUNICATIONS PERMANENT OR PERMISSION ALASKA,289614
Land Use Authorizations,Rights of Way,BASIC COMMUNICATIONS TEMPORARY ALASKA,289615
Land Use Authorizations,Rights of Way,REMOTE CON BL V COM S T,289617
Land Use Authorizations,Rights of Way,ERSN CONSTRUCTION PERMANENT ALASKA,289618
Land Use Authorizations,Rights of Way,CAMP/COMMS PERMANENT ALASKA,289620
Land Use Authorizations,Rights of Way,CAMP/COMMS TEMPORARY ALASKA,289621
Land Use Authorizations,Rights of Way,REMOTE CON BL V EQUIPMENT ALASKA,289622
Land Use Authorizations,Rights of Way,TRANS ALASKA PIPELINE TEMPORARY USE PERMIT (TAPS),289624
Land Use Authorizations,Rights of Way,NATURAL GAS PIPELINE ALASKA,289701
Land Use Authorizations,Rights of Way,NATURAL GAS PIPELINE ALASKA TEMPORARY USE PERMIT,289702
Land Use Authorizations,Rights of Way,TRANS ALASKA GAS SYSTEM (TAGS),289800
Land Use Authorizations,Rights of Way,TRANS ALASKA GAS SYSTEM TEMPORARY USE PERMIT (TAGS),289801
Land Use Authorizations,Rights of Way,ALASKA DENALI PIPELINE TEMPORARY USE PERMIT,289902
Land Use Authorizations,Leases Permits Easements,OCCUPANCY PERMIT SPECIAL,290011
Land Use Authorizations,Leases Permits Easements,TO BE DEFINED,290099
Land Use Authorizations,Leases Permits Easements,AIRPORT LEASES,291100
Land Use Authorizations,Leases Permits Easements,RECREATION AND PUBLIC PURPOSES LEASE,291200
Land Use Authorizations,Leases Permits Easements,SMALL TRACT LEASES,291300
Land Use Authorizations,Leases Permits Easements,MINING CLAIM OCCUPANCY ACT LEASE,291400
Land Use Authorizations,Leases Permits Easements,FUR FARM LEASE ALASKA,291600
Land Use Authorizations,Leases Permits Easements,SPECIAL LAND USE PERMIT PIPELINE ALASKA,292001
Land Use Authorizations,Leases Permits Easements,HELICOPTER SITE ALASKA,292003
Land Use Authorizations,Leases Permits Easements,PIPE STORAGE TEMPORARY ALASKA,292004
Land Use Authorizations,Leases Permits Easements,MATERIAL STORAGE TEMPORARY ALASKA,292005
Land Use Authorizations,Leases Permits Easements,PERMITS SEC 302 FEDERAL LAND POLICY AND MANAGEMENT ACT,292006
Land Use Authorizations,Leases Permits Easements,BUREAU OF INDIAN AFFAIRS SCHOOL LEASES ALASKA,292007
Land Use Authorizations,Leases Permits Easements,PERMITS SEC 1303 ALASKA NATIONAL INTEREST LANDS CONSERVATION ACT (ANILCA),292008
Land Use Authorizations,Leases Permits Easements,PERMIT SEC 302 FEDERAL LAND POLICY AND MANAGEMENT ACT - FILM,292009
Land Use Authorizations,Leases Permits Easements,PERMIT CARBON DIOXIDE SEQUESTRATION PROJECT TEST,292011
Land Use Authorizations,Leases Permits Easements,LEASES SEC 302 FEDERAL LAND POLICY AND MANAGEMENT ACT,292020
Land Use Authorizations,Leases Permits Easements,EASEMENT SEC 302 FEDERAL LAND POLICY AND MANAGEMENT ACT,292030
Land Use Authorizations,Leases Permits Easements,PUBLIC WORKS,292040
Land Use Authorizations,Leases Permits Easements,ADVERTISING PERMIT PRE-FEDERAL LAND POLICY AND MANAGEMENT ACT,292100
Land Use Authorizations,Leases Permits Easements,WATER WELLS PRE-FEDERAL LAND POLICY AND MANAGEMENT ACT,292200
Land Use Authorizations,Leases Permits Easements,COMMUNICATION FACILITY PRE-FEDERAL LAND POLICY AND MANAGEMENT ACT,292300
Land Use Authorizations,Leases Permits Easements,SPORTS EVENT PRE-FEDERAL LAND POLICY AND MANAGEMENT ACT,292400
Land Use Authorizations,Leases Permits Easements,EASEMENT DEPARTMENT OF INTERIOR TO FEDERAL AGENCY,292500
Land Use Authorizations,Leases Permits Easements,"RECLAMATION LEASE, LICENSE, AND DEDICATION",292601
Land Use Authorizations,Leases Permits Easements,RECONVEYED PERMIT/LEASE,292602
Land Use Authorizations,Leases Permits Easements,LEASE HOT SPRINGS,292901
Land Use Authorizations,Leases Permits Easements,PERMITS RECREATION USE,293000
Land Use Authorizations,Leases Permits Easements,LEASE HOT SPRINGS,293001
Land Use Authorizations,Leases Permits Easements,SPECIAL RECREATION USE PERMIT,293200
Land Use Authorizations,Leases Permits Easements,PERMIT NAVAL PETROLEUM RESERVES ACT,298401
Land Use Authorizations,Leases Permits Easements,LEASE NAVAL PETROLEUM RESERVES ACT,298402
Land Use Authorizations,Leases Permits Easements,TO BE DEFINED,400099
Mining Claims,Lode Claim,LODE CLAIM,384101
Mining Claims,Lode Claim,LODE CLAIM - NATIONAL PARK,384103
Mining Claims,Placer Claim,PLACER CLAIM,384201
Mining Claims,Placer Claim,PLACER CLAIM - NATIONAL PARK,384203
Mining Claims,Tunnel Site,TUNNEL SITE,384301
Mining Claims,Tunnel Site,TUNNEL SITE - NATIONAL PARK,384303
Mining Claims,Mill Site,MILL SITE,384401
Mining Claims,Mill Site,MILL SITE - NATIONAL PARK,384403
Solid Minerals,Coal,COAL LEASE,340001
Solid Minerals,Coal,EXPLORATION LICENSE,341001
Solid Minerals,Coal,PROSPECTING PERMIT,341002
Solid Minerals,Coal,REGIONAL COAL LEASE COMP,342001
Solid Minerals,Coal,REGIONAL COMPETITIVE EMERGENCY/BYPASS,342504
Solid Minerals,Coal,NON-REG COMP COAL LEASE-LBA,342505
Solid Minerals,Coal,COAL LEASE HARDSHIP,342506
Solid Minerals,Coal,COAL - SPLIT ESTATE SURFACE OWNER QUALIFIED,342701
Solid Minerals,Coal,COAL LEASE PREFERENCE RIGHT,343001
Solid Minerals,Coal,COAL LEASE EXCHANGE,343500
Solid Minerals,Coal,COAL LEASE/LAND EXCHANGE-AL VLY F,343600
Solid Minerals,Coal,COAL LICENSE TO MINE,344001
Solid Minerals,Coal,CATEGORY 5 PETITIONS,347201
Solid Minerals,Coal,LOGICAL MINING UNIT,348001
Solid Minerals,Non-Energy Leaseables,KNOWN LEASING AREA,350006
Solid Minerals,Non-Energy Leaseables,TO BE DEFINED,350099
Solid Minerals,Non-Energy Leaseables,PROSPECT PERMIT FRAC/FUT INT,350701
Solid Minerals,Non-Energy Leaseables,LEASE FRAC/FUTURE INTEREST,350702
Solid Minerals,Non-Energy Leaseables,MINERAL LEASE EXCHANGE,350801
Solid Minerals,Non-Energy Leaseables,PHOSPHATE PROSPECT PERMIT,351201
Solid Minerals,Non-Energy Leaseables,PHOSPHATE PREF RGT LSE,351301
Solid Minerals,Non-Energy Leaseables,PHOSPHATE EXPLORATORY LICENSE,351401
Solid Minerals,Non-Energy Leaseables,PHOSPHATE COMPETITIVE LEASE,351501
Solid Minerals,Non-Energy Leaseables,PHOSPHATE FRINGE ACRE NC LSE,351601
Solid Minerals,Non-Energy Leaseables,PHOSPHATE USE PERMIT,351701
Solid Minerals,Non-Energy Leaseables,SODIUM PROSPECT PERMIT,352201
Solid Minerals,Non-Energy Leaseables,SODIUM PREF RGT LSE,352301
Solid Minerals,Non-Energy Leaseables,SODIUM EXPL LICENSE,352401
Solid Minerals,Non-Energy Leaseables,SODIUM COMPETITIVE LEASE,352501
Solid Minerals,Non-Energy Leaseables,SODIUM FRINGE AC NC LEASE,352601
Solid Minerals,Non-Energy Leaseables,SODIUM USE PERMIT,352701
Solid Minerals,Non-Energy Leaseables,POTASSIUM PROSPECT PERMIT,353201
Solid Minerals,Non-Energy Leaseables,POTASSIUM PREF RGT LSE,353301
Solid Minerals,Non-Energy Leaseables,POTASSIUM EXPLORATORY LICENSE,353401
Solid Minerals,Non-Energy Leaseables,POTASSIUM COMP LEASE,353501
Solid Minerals,Non-Energy Leaseables,POTASSIUM FRINGE ACRE NC LSE,353601
Solid Minerals,Non-Energy Leaseables,SULPHUR PROSP PERMIT,354201
Solid Minerals,Non-Energy Leaseables,GILSONITE PROSPECT PERMIT,355201
Solid Minerals,Non-Energy Leaseables,GILSONITE PREF RGT LEASE,355301
Solid Minerals,Non-Energy Leaseables,GILSONITE EXPLORATION LICENSE,355401
Solid Minerals,Non-Energy Leaseables,GILSONITE COMPETITIVE LEASE,355501
Solid Minerals,Non-Energy Leaseables,GILSONITE FRINGE NC LSE,355601
Solid Minerals,Oil/Shale,"OIL SHALE R,D/D LEASE",355701
Solid Minerals,Oil/Shale,OIL SHALE PREF RGT LSE,355702
Solid Minerals,Oil/Shale,OIL SHALE EXPLORATION LICENSE,355703
Solid Minerals,Non-Energy Leaseables,PD-NF MINNESOTA,356003
Solid Minerals,Non-Energy Leaseables,HARDROCK PROSPECT PERMIT-ACQUIRED,356201
Solid Minerals,Non-Energy Leaseables,HDR PREF RGT LEASE-ACQ,356301
Solid Minerals,Non-Energy Leaseables,HDR COMP LEASE ACQUIRED,356401
Solid Minerals,Non-Energy Leaseables,HDR NC LEASE ACQUIRED,356501
Solid Minerals,Non-Energy Leaseables,HDR DEVELOPEMENT CONTRACT,356701
Solid Minerals,Non-Energy Leaseables,ASPHALT-OKLAHOMA COMP,357401
Solid Minerals,Non-Energy Leaseables,NATIONAL PARK SERVICE AREAS,358201
Solid Minerals,Non-Energy Leaseables,SAND AND GRAVEL-NEVADA,358601
Solid Minerals,Saleables,MINERAL MATERIAL EXPLORATION PERMIT - SURFACE,360211
Solid Minerals,Saleables,MINERAL MATERIAL EXPLORATION PERMIT - MINERAL,360212
Solid Minerals,Saleables,MINERAL MATERIAL EXPLORATION PERMIT - ALL,360213
Solid Minerals,Saleables,COMMUNITY PIT-SURFACE,360411
Solid Minerals,Saleables,COMMUNITY PIT-MINERALS,360412
Solid Minerals,Saleables,COMMUNITY PIT -ALL,360413
Solid Minerals,Saleables,COMMON USE AREA -SURFACE,360511
Solid Minerals,Saleables,COMMON USE AREA -MINERAL,360512
Solid Minerals,Saleables,COMMON USE AREA -ALL,360513
Solid Minerals,Saleables,MINERAL MATERIAL SALES,361000
Solid Minerals,Saleables,MINERAL MATERIALS NEGOTIATED-SURFACE,361111
Solid Minerals,Saleables,MINERAL MATERIALS NEGOTIATED-MINERALS,361112
Solid Minerals,Saleables,MINERAL MATERIALS NEGOTIATED-ALL,361113
Solid Minerals,Saleables,"MINERAL MATERIALS SALE - COMPETITIVE, NON-RENEWABLE - SURFACE",361311
Solid Minerals,Saleables,"MINERAL MATERIALS SALE - COMPETITIVE, NON-RENEWABLE - MINERALS",361312
Solid Minerals,Saleables,"MINERAL MATERIALS SALE - COMPETITIVE, NON-RENEWABLE - ALL",361313
Solid Minerals,Saleables,"MINERAL MATERIALS SALE - COMPETITIVE, RENEWABLE - SURFACE",361321
Solid Minerals,Saleables,"MINERAL MATERIALS SALE - COMPETITIVE, RENEWABLE - MINERALS",361322
Solid Minerals,Saleables,"MINERAL MATERIALS SALE - COMPETITIVE, RENEWABLE - ALL",361323
Solid Minerals,Saleables,FREE USE MINERAL MATERIAL,362000
Solid Minerals,Saleables,FREE USE PERMIT - GOVERNMENT SUBDIVISION -SURFACE,362111
Solid Minerals,Saleables,FREE USE PERMIT - GOVERNMENT SUBDIVISION -MINERALS,362112
Solid Minerals,Saleables,FREE USE PERMIT - GOVERNMENT SUBDIVISION -ALL,362113
Solid Minerals,Saleables,FREE USE PERMIT - NON-PROFIT ORGANIZATION,362200
Solid Minerals,Saleables,FREE USE PERMIT -NON-PROFIT ORGANIZATION-SURFACE,362211
Solid Minerals,Saleables,FREE USE PERMIT -NON-PROFIT ORGANIZATION-MINERALS,362212
Solid Minerals,Saleables,FREE USE PERMIT -NON-PROFIT ORGANIZATION-ALL,362213
Solid Minerals,Saleables,MINERAL MATERIALS BLM QUARRY,362913
Solid Minerals,Locatables,TO BE DEFINED,370099
Solid Minerals,Locatables,MULTIPLE USE-SURFACE PL-167,371000
Solid Minerals,Locatables,MINING CLAIM RESTRICTION,371200
Solid Minerals,Locatables,USE & OCCUPANCY-MINING,371500
Solid Minerals,Locatables,USE AND OCCUPANCY,371511
Solid Minerals,Locatables,MINING IN POWERSITE PL-359,373000
Solid Minerals,Locatables,MULTIPLE MINERAL DEVELOPMENT PL-585,374000
Solid Minerals,Locatables,TO BE DEFINED,380099
Solid Minerals,Locatables,SURFACE MANAGEMENT PLAN WILDERNESS REVIEW,380210
Solid Minerals,Locatables,SURFACE MANAGEMENT-MINING ALASKA,380901
Solid Minerals,Locatables,SURFACE MANAGEMENT PLAN - MINING,380910
Solid Minerals,Locatables,SURFACE MANAGEMENT PLAN - EXPLORATION,380911
Solid Minerals,Locatables,SURFACE MANAGEMENT PLAN - ANCILLARY,380912
Solid Minerals,Locatables,SURFACE MANAGEMENT-NOTICE,380913
Solid Minerals,Locatables,SURFACE MANAGEMENT-PLAN/NOTICE,380920
Solid Minerals,Locatables,MINERAL DISPOSAL-SRHA-NOTICE OF INTENT,381401
Solid Minerals,Locatables,MINERAL DISPOSAL-SRHA-PLAN,381402
Solid Minerals,Locatables,MINERAL DISPOSAL-SRHE CLAIMANT BOND,381410
Solid Minerals,Locatables,MINERAL LOCATION IN RECLAMATION WITHDRAWALS,381600
Solid Minerals,Locatables,SPECIAL MINING LAW AREAS,382000
Solid Minerals,Locatables,DEFERMENT OF ASSESSMENT WORK,385220
Solid Minerals,Locatables,MINERAL SURVEY APPLICATION,386100
Solid Minerals,Locatables,MINERAL PATENT APPLICATION-LODE BLM,386201
Solid Minerals,Locatables,MINERAL PATENT APPLICATION-LODE FS,386202
Solid Minerals,Locatables,MINERAL PATENT APPLICATION-PLACER BLM,386301
Solid Minerals,Locatables,MINERAL PATENT APPLICATION-PLACER FS,386302
Solid Minerals,Locatables,MINERAL PATENT APPLICATION-MILL SITE BLM,386401
Solid Minerals,Locatables,MINERAL PATENT APPLICATION-MILL SITE FS,386402
Solid Minerals,Locatables,ADVERSE CLAIMS,387100
Solid Minerals,Locatables,PROTESTS & CONTESTS,387200
Solid Minerals,Solid Minerals,MINERAL CLASSIFICATION,360050
Solid Minerals,Solid Minerals,TO BE DEFINED,360099
Solid Minerals,Free Use Permit,FREE USE PERMIT -PETRIFIED WOOD-ALL,362313
Solid Minerals,AML,AML PHYSICAL SAFETY RECLAMATION / REMEDIATION PROJECT,372000
Solid Minerals,AML,AML WATER QUALITY RECLAMATION / REMEDIATION PROJECT,372001
Solid Minerals,AML,AML REPOSITORY,372002
Solid Minerals,Solid Minerals,MINERAL CLASSIFICATION,391000
Solid Minerals,Oil/Shale,CONTEST-MULTIPLE USE CON-BLM,392001
Solid Minerals,Oil/Shale,CONTEST-MULTIPLE USE CON-FS,392002
Solid Minerals,Oil/Shale,CONTEST - REIMBURSABLE,392003
Solid Minerals,Oil/Shale,CONTEST-PRIVATE,393001
Solid Minerals,General Mining Laws,ABANDONED MINE LAND INV,380800
Land Transfer,Land Transfer,ALASKA NATIVE ALLOTMENT,256100
Land Transfer,Land Transfer,ALASKA MENTAL HEALTH,262710
Land Transfer,Land Transfer,COMMUNITY GRANTS,262711
Land Transfer,Land Transfer,COMMUNITY GRANT FOREST,262712
Land Transfer,Land Transfer,ALASKA-TERMS & CONDITIONS,262713
Land Transfer,Land Transfer,ALASKA-SCHOOL LANDS SETTLEMENT,262714
Land Transfer,Land Transfer,ALASKA UNIVERSITY GRANT,262720
Land Transfer,Land Transfer,CLEAR LIST UNIVERSITY,262722
Land Transfer,Land Transfer,GENERAL GRANT,262730
Land Transfer,Land Transfer,MINERAL ESTATE,262740
Land Transfer,Land Transfer,REALLOCATED SELECTION - ALASKA,265102
Land Transfer,Land Transfer,REGIONAL SELECTIONS - ALASKA,265200
Land Transfer,Land Transfer,AUTOMATIC SUBSURFACE CONVEYANCE ALASKA,265201
Land Transfer,Land Transfer,LIEU SELECTION SUBSURFACE ESTATE ALASKA,265202
Land Transfer,Land Transfer,CIRI-NOM OUTSDE REG POOL,265203
Land Transfer,Land Transfer,CIRI-GENERAL SERVICES ADMINISTRATION POOL,265204
Land Transfer,Land Transfer,CIRI-FROM STATE THRU UNITED STATES,265206
Land Transfer,Land Transfer,CNI-12C/14H8 ALASKA NATIONAL INTEREST ANDS CONSERVATION ACT EXCHANGE,265208
Land Transfer,Land Transfer,CIRI-DFNCY RECON VLG,265209
Land Transfer,Land Transfer,CIRI-MISC & COAL/OIL AND GAS,265210
Land Transfer,Land Transfer,CEMETERY-HISTORY SITE ALASKA,265301
Land Transfer,Land Transfer,NATIVE GROUP SELECTION ALASKA,265302
Land Transfer,Land Transfer,FOUR CITIES SECTION-ALASKA,265303
Land Transfer,Land Transfer,FOUR CITIES NON -ALASKA,265304
Land Transfer,Land Transfer,NATIVE PLANT PRESERVATION PLAN -ALASKA,265306
Land Transfer,Land Transfer,ALASKA NATIVE CLAIMS SETTLEMENT ACT 14(H)(8) SELECTION -ALASKA,265308
Land Transfer,Land Transfer,NATIVE RESERVE-ALASKA; ALASKA NATIVE CLAIMS SETTLEMENT ACT 19B & C,265400
Land Transfer,Land Transfer,CIRI 3(E) /ARTA-ALASKA,265502
Land Transfer,Land Transfer,BARROW GFTA,265600
Land Transfer,Land Transfer,ALASKA RAILROAD TRANSFER,265800
Land Transfer,Land Transfer,SCHOOL SELECT PATENTS,262400
Fluid Minerals,Fluid Minerals,O&G KNOWN GEOLOGIC STRUCTURE - FAVORABLE PETROLEUM GEOLOGICAL PROVINCE,310070
Fluid Minerals,Fluid Minerals,GEOTHERMAL KNOWN  RESOURCE AREA,320070
Survey,Survey,CADASTRAL SURVEY,918000
Survey,Survey,SPECIAL SURVEYS,918300
